prescaler,compute_path,policy,count,total_nj,total_cycles,active_cycles,power_save_cycles,status,rejection_reason
8,naive,active,4,23690.3918625,8349,8349,0,rejected,static deadline rejection: compiler predicted BODY cycles 5456 exceed the 2048-cycle Timer0 overflow interval; no Avrora SRAM readback is claimed
8,naive,powersave,4,18136.197562499998,9375,6342,3033,rejected,static deadline rejection: compiler predicted BODY cycles 5456 exceed the 2048-cycle Timer0 overflow interval; no Avrora SRAM readback is claimed
8,optimized,active,4,23372.5904625,8237,8237,0,rejected,static deadline rejection: compiler predicted BODY cycles 5344 exceed the 2048-cycle Timer0 overflow interval; no Avrora SRAM readback is claimed
8,optimized,powersave,4,17818.396162499997,9263,6230,3033,rejected,static deadline rejection: compiler predicted BODY cycles 5344 exceed the 2048-cycle Timer0 overflow interval; no Avrora SRAM readback is claimed
32,naive,active,4,110694.20013750001,39011,39011,0,accepted,
32,naive,powersave,4,65613.4467,40006,22843,17163,accepted,
32,optimized,active,4,110376.3987375,38899,38899,0,accepted,
32,optimized,powersave,4,64357.8273,39894,22395,17499,accepted,
128,naive,active,4,389633.02893749997,137315,137315,0,accepted,
128,naive,powersave,4,70173.5235,138310,22843,115467,accepted,
128,optimized,active,4,389315.2275375,137203,137203,0,accepted,
128,optimized,powersave,4,68917.9041,138198,22395,115803,accepted,
1024,naive,active,4,2993062.0977375,1054819,1054819,0,accepted,
1024,naive,powersave,4,112734.2403,1055814,22843,1032971,accepted,
1024,optimized,active,4,2992744.2963375,1054707,1054707,0,accepted,
1024,optimized,powersave,4,111478.6209,1055702,22395,1033307,accepted,
8,naive,active,5,23690.3918625,8349,8349,0,rejected,static deadline rejection: compiler predicted BODY cycles 5456 exceed the 2048-cycle Timer0 overflow interval; no Avrora SRAM readback is claimed
8,naive,powersave,5,18136.197562499998,9375,6342,3033,rejected,static deadline rejection: compiler predicted BODY cycles 5456 exceed the 2048-cycle Timer0 overflow interval; no Avrora SRAM readback is claimed
8,optimized,active,5,23372.5904625,8237,8237,0,rejected,static deadline rejection: compiler predicted BODY cycles 5344 exceed the 2048-cycle Timer0 overflow interval; no Avrora SRAM readback is claimed
8,optimized,powersave,5,17818.396162499997,9263,6230,3033,rejected,static deadline rejection: compiler predicted BODY cycles 5344 exceed the 2048-cycle Timer0 overflow interval; no Avrora SRAM readback is claimed
32,naive,active,5,133939.1025375,47203,47203,0,accepted,
32,naive,powersave,5,81428.37435,48198,28373,19825,accepted,
32,optimized,active,5,133621.3011375,47091,47091,0,accepted,
32,optimized,powersave,5,79860.14895,48086,27813,20273,accepted,
128,naive,active,5,482612.6385375,170083,170083,0,accepted,
128,naive,powersave,5,87128.47034999999,171078,28373,142705,accepted,
128,optimized,active,5,482294.8371375,169971,169971,0,accepted,
128,optimized,powersave,5,85560.24495000001,170966,27813,143153,accepted,
1024,naive,active,5,3736898.9745375,1316963,1316963,0,accepted,
1024,naive,powersave,5,140329.36635,1317958,28373,1289585,accepted,
1024,optimized,active,5,3736581.1731375,1316851,1316851,0,accepted,
1024,optimized,powersave,5,138761.14094999997,1317846,27813,1290033,accepted,
